<?xml version="1.0" encoding="UTF-8" ?>
<!DOCTYPE mapper
PUBLIC "-//mybatis.org//DTD Mapper 3.0//EN"
"http://mybatis.org/dtd/mybatis-3-mapper.dtd">
<mapper namespace="com.ruoyi.room.mapper.ClassRoomMapper">
    
    <resultMap type="ClassRoom" id="ClassRoomResult">
        <result property="dictCode"    column="dict_code"    />
        <result property="dictSort"    column="dict_sort"    />
        <result property="dictLabel"    column="dict_label"    />
        <result property="dictValue"    column="dict_value"    />
        <result property="dictType"    column="dict_type"    />
        <result property="cssClass"    column="css_class"    />
        <result property="listClass"    column="list_class"    />
        <result property="isDefault"    column="is_default"    />
        <result property="status"    column="status"    />
        <result property="createBy"    column="create_by"    />
        <result property="createTime"    column="create_time"    />
        <result property="updateBy"    column="update_by"    />
        <result property="updateTime"    column="update_time"    />
        <result property="remark"    column="remark"    />
    </resultMap>

    <sql id="selectClassRoomVo">
        select dict_code, dict_sort, dict_label, dict_value, dict_type, css_class, list_class, is_default, status, create_by, create_time, update_by, update_time, remark from sys_dict_data
    </sql>

    <select id="selectClassRoomList" parameterType="ClassRoom" resultMap="ClassRoomResult">
        <include refid="selectClassRoomVo"/>
        <where>  
            <if test="dictType != null  and dictType != ''"> and dict_type = #{dictType}</if>
        </where>
    </select>
    
    <select id="selectClassRoomByDictCode" parameterType="Long" resultMap="ClassRoomResult">
        <include refid="selectClassRoomVo"/>
        where dict_code = #{dictCode}
    </select>
        
    <insert id="insertClassRoom" parameterType="ClassRoom" useGeneratedKeys="true" keyProperty="dictCode">
        insert into sys_dict_data
        <trim prefix="(" suffix=")" suffixOverrides=",">
            <if test="dictSort != null">dict_sort,</if>
            <if test="dictLabel != null">dict_label,</if>
            <if test="dictValue != null">dict_value,</if>
            <if test="dictType != null">dict_type,</if>
            <if test="cssClass != null">css_class,</if>
            <if test="listClass != null">list_class,</if>
            <if test="isDefault != null">is_default,</if>
            <if test="status != null">status,</if>
            <if test="createBy != null">create_by,</if>
            <if test="createTime != null">create_time,</if>
            <if test="updateBy != null">update_by,</if>
            <if test="updateTime != null">update_time,</if>
            <if test="remark != null">remark,</if>
         </trim>
        <trim prefix="values (" suffix=")" suffixOverrides=",">
            <if test="dictSort != null">#{dictSort},</if>
            <if test="dictLabel != null">#{dictLabel},</if>
            <if test="dictValue != null">#{dictValue},</if>
            <if test="dictType != null">#{dictType},</if>
            <if test="cssClass != null">#{cssClass},</if>
            <if test="listClass != null">#{listClass},</if>
            <if test="isDefault != null">#{isDefault},</if>
            <if test="status != null">#{status},</if>
            <if test="createBy != null">#{createBy},</if>
            <if test="createTime != null">#{createTime},</if>
            <if test="updateBy != null">#{updateBy},</if>
            <if test="updateTime != null">#{updateTime},</if>
            <if test="remark != null">#{remark},</if>
         </trim>
    </insert>

    <update id="updateClassRoom" parameterType="ClassRoom">
        update sys_dict_data
        <trim prefix="SET" suffixOverrides=",">
            <if test="dictSort != null">dict_sort = #{dictSort},</if>
            <if test="dictLabel != null">dict_label = #{dictLabel},</if>
            <if test="dictValue != null">dict_value = #{dictValue},</if>
            <if test="dictType != null">dict_type = #{dictType},</if>
            <if test="cssClass != null">css_class = #{cssClass},</if>
            <if test="listClass != null">list_class = #{listClass},</if>
            <if test="isDefault != null">is_default = #{isDefault},</if>
            <if test="status != null">status = #{status},</if>
            <if test="createBy != null">create_by = #{createBy},</if>
            <if test="createTime != null">create_time = #{createTime},</if>
            <if test="updateBy != null">update_by = #{updateBy},</if>
            <if test="updateTime != null">update_time = #{updateTime},</if>
            <if test="remark != null">remark = #{remark},</if>
        </trim>
        where dict_code = #{dictCode}
    </update>

    <delete id="deleteClassRoomByDictCode" parameterType="Long">
        delete from sys_dict_data where dict_code = #{dictCode}
    </delete>

    <delete id="deleteClassRoomByDictCodes" parameterType="String">
        delete from sys_dict_data where dict_code in 
        <foreach item="dictCode" collection="array" open="(" separator="," close=")">
            #{dictCode}
        </foreach>
    </delete>

</mapper>