<?xml version="1.0" encoding="UTF-8" ?>
<!DOCTYPE mapper
PUBLIC "-//mybatis.org//DTD Mapper 3.0//EN"
"http://mybatis.org/dtd/mybatis-3-mapper.dtd">
<mapper namespace="com.ruoyi.room.mapper.RoomPlaceMapper">
    
    <resultMap type="RoomPlace" id="RoomPlaceResult">
        <result property="id"    column="id"    />
        <result property="code"    column="code"    />
        <result property="roomId"    column="room_id"    />
    </resultMap>

    <resultMap id="RoomPlaceRoomBookingResult" type="RoomPlace" extends="RoomPlaceResult">
        <collection property="roomBookingList" notNullColumn="sub_id" javaType="java.util.List" resultMap="RoomBookingResult" />
    </resultMap>

    <resultMap type="RoomBooking" id="RoomBookingResult">
        <result property="id"    column="sub_id"    />
        <result property="placeId"    column="sub_place_id"    />
        <result property="createBy"    column="sub_create_by"    />
        <result property="startTime"    column="sub_start_time"    />
        <result property="endTime"    column="sub_end_time"    />
    </resultMap>

    <sql id="selectRoomPlaceVo">
        select id, code, room_id from room_place
    </sql>

    <select id="selectRoomPlaceList" parameterType="RoomPlace" resultMap="RoomPlaceResult">
        <include refid="selectRoomPlaceVo"/>
        <where>  
            <if test="code != null  and code != ''"> and code like concat('%', #{code}, '%')</if>
            <if test="roomId != null  and roomId != ''"> and room_id = #{roomId}</if>
        </where>
    </select>
    
    <select id="selectRoomPlaceById" parameterType="Long" resultMap="RoomPlaceRoomBookingResult">
        select a.id, a.code, a.room_id,
 b.id as sub_id, b.place_id as sub_place_id, b.create_by as sub_create_by, b.start_time as sub_start_time, b.end_time as sub_end_time
        from room_place a
        left join room_booking b on b.place_id = a.id
        where a.id = #{id}
    </select>
        
    <insert id="insertRoomPlace" parameterType="RoomPlace" useGeneratedKeys="true" keyProperty="id">
        insert into room_place
        <trim prefix="(" suffix=")" suffixOverrides=",">
            <if test="code != null">code,</if>
            <if test="roomId != null">room_id,</if>
         </trim>
        <trim prefix="values (" suffix=")" suffixOverrides=",">
            <if test="code != null">#{code},</if>
            <if test="roomId != null">#{roomId},</if>
         </trim>
    </insert>

    <update id="updateRoomPlace" parameterType="RoomPlace">
        update room_place
        <trim prefix="SET" suffixOverrides=",">
            <if test="code != null">code = #{code},</if>
            <if test="roomId != null">room_id = #{roomId},</if>
        </trim>
        where id = #{id}
    </update>

    <delete id="deleteRoomPlaceById" parameterType="Long">
        delete from room_place where id = #{id}
    </delete>

    <delete id="deleteRoomPlaceByIds" parameterType="String">
        delete from room_place where id in 
        <foreach item="id" collection="array" open="(" separator="," close=")">
            #{id}
        </foreach>
    </delete>
    
    <delete id="deleteRoomBookingByPlaceIds" parameterType="String">
        delete from room_booking where place_id in 
        <foreach item="placeId" collection="array" open="(" separator="," close=")">
            #{placeId}
        </foreach>
    </delete>

    <delete id="deleteRoomBookingByPlaceId" parameterType="Long">
        delete from room_booking where place_id = #{placeId}
    </delete>

    <insert id="batchRoomBooking">
        insert into room_booking( id, place_id, create_by, start_time, end_time) values
		<foreach item="item" index="index" collection="list" separator=",">
            ( #{item.id}, #{item.placeId}, #{item.createBy}, #{item.startTime}, #{item.endTime})
        </foreach>
    </insert>

</mapper>