<?xml version="1.0" encoding="UTF-8" ?>
<!DOCTYPE mapper
PUBLIC "-//mybatis.org//DTD Mapper 3.0//EN"
"http://mybatis.org/dtd/mybatis-3-mapper.dtd">
<mapper namespace="com.ruoyi.room.mapper.RoomSeatMapper">
    
    <resultMap type="RoomSeat" id="RoomSeatResult">
        <result property="id"    column="id"    />
        <result property="code"    column="code"    />
        <result property="roomId"    column="room_id"    />
    </resultMap>

    <sql id="selectRoomSeatVo">
        select id, code, room_id from room_place
    </sql>

    <select id="selectRoomSeatList" parameterType="RoomSeat" resultMap="RoomSeatResult">
        <include refid="selectRoomSeatVo"/>
        <where>  
            <if test="code != null  and code != ''"> and code like concat('%', #{code}, '%')</if>
            <if test="roomId != null  and roomId != ''"> and room_id = #{roomId}</if>
        </where>
    </select>
    
    <select id="selectRoomSeatById" parameterType="Long" resultMap="RoomSeatResult">
        <include refid="selectRoomSeatVo"/>
        where id = #{id}
    </select>
        
    <insert id="insertRoomSeat" parameterType="RoomSeat" useGeneratedKeys="true" keyProperty="id">
        insert into room_place
        <trim prefix="(" suffix=")" suffixOverrides=",">
            <if test="code != null">code,</if>
            <if test="roomId != null">room_id,</if>
         </trim>
        <trim prefix="values (" suffix=")" suffixOverrides=",">
            <if test="code != null">#{code},</if>
            <if test="roomId != null">#{roomId},</if>
         </trim>
    </insert>

    <update id="updateRoomSeat" parameterType="RoomSeat">
        update room_place
        <trim prefix="SET" suffixOverrides=",">
            <if test="code != null">code = #{code},</if>
            <if test="roomId != null">room_id = #{roomId},</if>
        </trim>
        where id = #{id}
    </update>

    <delete id="deleteRoomSeatById" parameterType="Long">
        delete from room_place where id = #{id}
    </delete>

    <delete id="deleteRoomSeatByIds" parameterType="String">
        delete from room_place where id in 
        <foreach item="id" collection="array" open="(" separator="," close=")">
            #{id}
        </foreach>
    </delete>

</mapper>