<?xml version="1.0" encoding="UTF-8" ?>
<!DOCTYPE mapper
PUBLIC "-//mybatis.org//DTD Mapper 3.0//EN"
"http://mybatis.org/dtd/mybatis-3-mapper.dtd">
<mapper namespace="com.ruoyi.room.suggestion.mapper.RoomSuggestionMapper">
    
    <resultMap type="RoomSuggestion" id="RoomSuggestionResult">
        <result property="id"    column="id"    />
        <result property="pic"    column="pic"    />
        <result property="title"    column="title"    />
        <result property="info"    column="info"    />
        <result property="reply"    column="reply"    />
        <result property="type"    column="type"    />
        <result property="createTime"    column="create_time"    />
        <result property="updateTime"    column="update_time"    />
        <result property="remark"    column="remark"    />
        <result property="userId"    column="user_id"    />
        <result property="deptId"    column="dept_id"    />
        <result property="createBy"    column="create_by"    />
        <result property="updateBy"    column="update_by"    />
    </resultMap>

    <sql id="selectRoomSuggestionVo">
        select id, pic, title, info, reply, type, r.create_time, r.update_time, r.remark, r.user_id, r.dept_id, r.create_by, r.update_by from room_suggestion r
        left join sys_user u on r.user_id=u.user_id left join sys_dept t on r.dept_id=t.dept_id
    </sql>

    <select id="selectRoomSuggestionList" parameterType="RoomSuggestion" resultMap="RoomSuggestionResult">
        <include refid="selectRoomSuggestionVo"/>
        <where>  
            <if test="title != null  and title != ''"> and title like concat('%', #{title}, '%')</if>
            <if test="type != null "> and type = #{type}</if>
            ${params.dataScope}
        </where>
    </select>
    
    <select id="selectRoomSuggestionById" parameterType="Long" resultMap="RoomSuggestionResult">
        <include refid="selectRoomSuggestionVo"/>
        where id = #{id}
    </select>
        
    <insert id="insertRoomSuggestion" parameterType="RoomSuggestion" useGeneratedKeys="true" keyProperty="id">
        insert into room_suggestion
        <trim prefix="(" suffix=")" suffixOverrides=",">
            <if test="pic != null">pic,</if>
            <if test="title != null">title,</if>
            <if test="info != null">info,</if>
            <if test="reply != null">reply,</if>
            <if test="type != null">type,</if>
            <if test="createTime != null">create_time,</if>
            <if test="updateTime != null">update_time,</if>
            <if test="remark != null">remark,</if>
            <if test="userId != null">user_id,</if>
            <if test="deptId != null">dept_id,</if>
            <if test="createBy != null">create_by,</if>
            <if test="updateBy != null">update_by,</if>
         </trim>
        <trim prefix="values (" suffix=")" suffixOverrides=",">
            <if test="pic != null">#{pic},</if>
            <if test="title != null">#{title},</if>
            <if test="info != null">#{info},</if>
            <if test="reply != null">#{reply},</if>
            <if test="type != null">#{type},</if>
            <if test="createTime != null">#{createTime},</if>
            <if test="updateTime != null">#{updateTime},</if>
            <if test="remark != null">#{remark},</if>
            <if test="userId != null">#{userId},</if>
            <if test="deptId != null">#{deptId},</if>
            <if test="createBy != null">#{createBy},</if>
            <if test="updateBy != null">#{updateBy},</if>
         </trim>
    </insert>

    <update id="updateRoomSuggestion" parameterType="RoomSuggestion">
        update room_suggestion
        <trim prefix="SET" suffixOverrides=",">
            <if test="pic != null">pic = #{pic},</if>
            <if test="title != null">title = #{title},</if>
            <if test="info != null">info = #{info},</if>
            <if test="reply != null">reply = #{reply},</if>
            <if test="type != null">type = #{type},</if>
            <if test="createTime != null">create_time = #{createTime},</if>
            <if test="updateTime != null">update_time = #{updateTime},</if>
            <if test="remark != null">remark = #{remark},</if>
            <if test="userId != null">user_id = #{userId},</if>
            <if test="deptId != null">dept_id = #{deptId},</if>
            <if test="createBy != null">create_by = #{createBy},</if>
            <if test="updateBy != null">update_by = #{updateBy},</if>
        </trim>
        where id = #{id}
    </update>

    <delete id="deleteRoomSuggestionById" parameterType="Long">
        delete from room_suggestion where id = #{id}
    </delete>

    <delete id="deleteRoomSuggestionByIds" parameterType="String">
        delete from room_suggestion where id in 
        <foreach item="id" collection="array" open="(" separator="," close=")">
            #{id}
        </foreach>
    </delete>

</mapper>