<?xml version="1.0" encoding="UTF-8" ?>
<!DOCTYPE mapper
PUBLIC "-//mybatis.org//DTD Mapper 3.0//EN"
"http://mybatis.org/dtd/mybatis-3-mapper.dtd">
<mapper namespace="com.ruoyi.room.mapper.RoomBookingMapper">
    
    <resultMap type="RoomBooking" id="RoomBookingResult">
        <result property="id"    column="id"    />
        <result property="placeId"    column="place_id"    />
        <result property="createBy"    column="create_by"    />
        <result property="startTime"    column="start_time"    />
        <result property="endTime"    column="end_time"    />
    </resultMap>

    <sql id="selectRoomBookingVo">
        select id, place_id, create_by, start_time, end_time from room_booking
    </sql>

    <select id="selectRoomBookingList" parameterType="RoomBooking" resultMap="RoomBookingResult">
        <include refid="selectRoomBookingVo"/>
        <where>  
            <if test="placeId != null "> and place_id = #{placeId}</if>
            <if test="params.beginStartTime != null and params.beginStartTime != '' and params.endStartTime != null and params.endStartTime != ''"> and start_time between #{params.beginStartTime} and #{params.endStartTime}</if>
            <if test="params.beginEndTime != null and params.beginEndTime != '' and params.endEndTime != null and params.endEndTime != ''"> and end_time between #{params.beginEndTime} and #{params.endEndTime}</if>
        </where>
    </select>
    
    <select id="selectRoomBookingById" parameterType="Long" resultMap="RoomBookingResult">
        <include refid="selectRoomBookingVo"/>
        where id = #{id}
    </select>

    <select id="bar" resultType="java.util.Map">
        select date(start_time) as x, count(1) as y from room_booking group by (date(start_time))
    </select>
    <select id="pie" resultType="java.util.Map">
        select  d.dict_label as name,count(1) as value from room_booking b join room_place p on b.place_id=p.id join sys_dict_data d on p.room_id=d.dict_value group by(d.dict_label)
    </select>
    <select id="checkRoomBooking" resultType="java.lang.Integer">
        select count(1) from room_booking b
        where place_id=#{placeId} and
        (
        #{startTime} between b.start_time and b.end_time or
        #{endTime} between b.start_time and b.end_time
        )
    </select>

    <insert id="insertRoomBooking" parameterType="RoomBooking" useGeneratedKeys="true" keyProperty="id">
        insert into room_booking
        <trim prefix="(" suffix=")" suffixOverrides=",">
            <if test="placeId != null">place_id,</if>
            <if test="createBy != null">create_by,</if>
            <if test="startTime != null">start_time,</if>
            <if test="endTime != null">end_time,</if>
         </trim>
        <trim prefix="values (" suffix=")" suffixOverrides=",">
            <if test="placeId != null">#{placeId},</if>
            <if test="createBy != null">#{createBy},</if>
            <if test="startTime != null">#{startTime},</if>
            <if test="endTime != null">#{endTime},</if>
         </trim>
    </insert>

    <update id="updateRoomBooking" parameterType="RoomBooking">
        update room_booking
        <trim prefix="SET" suffixOverrides=",">
            <if test="placeId != null">place_id = #{placeId},</if>
            <if test="createBy != null">create_by = #{createBy},</if>
            <if test="startTime != null">start_time = #{startTime},</if>
            <if test="endTime != null">end_time = #{endTime},</if>
        </trim>
        where id = #{id}
    </update>

    <delete id="deleteRoomBookingById" parameterType="Long">
        delete from room_booking where id = #{id}
    </delete>

    <delete id="deleteRoomBookingByIds" parameterType="String">
        delete from room_booking where id in 
        <foreach item="id" collection="array" open="(" separator="," close=")">
            #{id}
        </foreach>
    </delete>

</mapper>